664159,550946,X
665845,557965,X
597173,575538,X
618600,551446,X
635690,608046,X
588100,557588,X
582015,546191,X
604678,574577,X
572029,518313,X
604737,574591,X
577728,587566,X
602013,574722,X
627968,574625,X
607269,536961,X
603145,574795,X
671919,571761,X
612184,570393,X
600032,575310,X
627912,593892,X
601967,604428,X
591851,569051,X
601444,572693,X
629718,558104,X
661430,603567,X
597551,556737,X
601182,582584,X
562704,570596,X
605107,563429,X
607214,575069,X
568824,570203,X
612485,518009,X
589244,573777,X
625579,551084,X
560237,500154,X
626224,569687,X
610666,551701,X
597428,569940,X
600582,599535,X
604168,555003,X
613871,550423,X
617310,551945,X
625728,579460,X
606300,566708,X
638559,558807,X
582176,630383,X
544056,577786,X
631297,578351,X
561574,621747,X
604973,574773,X
605284,556134,X
617910,592293,X
555904,640401,X
526559,509417,X
603849,572396,X
598634,619900,X
603359,589262,X
657455,567754,X
614279,599251,X
578496,631434,X
645171,595209,X
688015,533535,X
656477,573007,X
540029,563888,X
597418,538362,X
613545,574733,X
628696,542447,X
604157,574191,X
603126,497987,X
605850,533310,X
596179,529556,X
610330,552628,X
598184,531473,X
620438,511694,X
600202,622079,X
603021,577991,X
515612,540643,X
606548,574376,X
593490,623110,X
607084,595500,X
583728,563146,X
616044,533807,X
624452,584622,X
604438,574666,X
625709,660145,X
601376,579831,X
565148,557305,X
639418,537903,X
612799,537497,X
583653,652182,X
599808,596484,X
605250,573272,X
606738,601356,X
611044,571814,X
575440,568511,X
616329,529516,X
605927,572533,X
609286,586782,X
647354,579190,X
606929,571420,X
562920,559223,X
680357,620811,X
707100,601463,X
604294,574368,X
614917,600946,X
611508,503220,X
603789,574474,X
551740,588768,X
546031,570429,X
569197,559307,X
688712,568754,X
604067,574091,X
606809,572101,X
588597,622592,X
613840,534167,X
576263,547239,X
597077,568196,X
601339,571609,X
606011,569426,X
593398,559764,X
593166,622725,X
609796,532982,X
712648,607541,X
585048,505097,X
525967,565687,X
660327,585901,X
607604,573951,X
604001,573587,X
591484,571087,X
613868,585089,X
645464,660478,X
538571,654649,X
555429,604551,X
597620,586226,X
586097,567445,X
545235,539822,X
649088,575733,X
599123,616977,X
563763,559454,X
617717,613939,X
618869,577243,X
567188,560044,X
636628,533309,X
560362,567914,X
595014,632844,X
605876,550640,X
604352,573425,X
600679,599545,X
596891,579476,X
614943,540976,X
604415,571400,X
603698,573585,X
658199,568743,X
598759,582942,X
671269,590258,X
593317,534085,X
657985,453405,X
608557,590278,X
623004,508050,X
601900,569391,X
641031,593074,X
589658,640498,X
567565,573952,X
559078,570088,X
639431,588155,X
566609,537592,X
568570,579335,X
660650,615038,X
667639,571164,X
596796,529933,X
606111,617846,X
616060,590779,X
602873,527864,X
571334,594145,X
602167,543919,X
605100,573307,X
546640,560043,X
585195,555011,X
651740,589474,X
589112,536573,X
582057,543124,X
690968,555952,X
609030,552436,X
632125,541413,X
603445,630598,X
628264,616214,X
577242,574073,X
604090,574392,X
607911,576556,X
600665,638890,X
600117,539079,X
631182,565466,X
695646,652231,X
619445,567491,X
613191,571942,X
567428,580005,X
590583,623314,X
606289,670243,X
585175,574133,X
634967,579020,X
614615,574437,X
593061,579188,X
606933,576409,X
606587,573873,X
594084,629464,X
683697,581516,X
601530,577183,X
603055,589818,X
616561,619007,X
607463,477085,X
611581,572630,X
579712,568354,X
602887,595245,X
600039,557139,X
605913,579526,X
579773,568698,X
606324,544357,X
605958,573728,X
606144,575076,X
667472,570571,X
580048,565009,X
597802,576113,X
610263,574422,X
603855,575180,X
624369,532153,X
599870,591110,X
577167,617095,X
658403,611332,X
563460,480559,X
610980,522819,X
569422,567790,X
627727,578737,X
592804,584539,X
540783,626497,X
591823,639096,X
637323,549567,X
638078,629421,X
611315,560757,X
647103,573853,X
522993,595581,X
601187,531825,X
533799,564377,X
649034,528813,X
620975,564344,X
622407,583192,X
597026,642918,X
551291,576721,X
608768,610525,X
697959,614701,X
658281,582264,X
546632,599204,X
672565,564468,X
636500,587401,X
696144,548705,X
533551,582247,X
526802,551524,X
553038,606418,X
696601,603624,X
588964,597435,X
716139,621721,X
608529,586311,X
557378,567033,X
589994,610890,X
589344,563119,X
624415,515911,X
565483,551512,X
584895,574666,X
582777,542670,X
639394,576728,X
608298,573748,X
663578,586265,X
628080,562986,X
597421,554767,X
595193,576508,X
658103,572250,X
659529,498474,X
606415,581386,X
641976,577433,X
587466,564953,X
589180,595099,X
601885,573083,X
580561,528916,X
621726,578003,X
558817,576255,X
620213,574468,X
594010,570095,X
541976,512639,X
593840,578685,X
602667,575857,X
631446,561156,X
596481,567449,X
611318,581584,X
568546,564911,X
593865,572987,X
597017,575588,X
578804,573582,X
673750,594081,X
592714,553958,X
594029,586701,X
668502,563937,X
629533,537542,X
801539,318482,X
801667,318542,X
814045,332998,X
800479,321640,X
757470,224976,X
844536,424646,X
797105,316002,X
779956,271501,X
797205,313318,X
801323,316240,X
783666,262902,X
806131,312752,X
830658,368694,X
802482,335269,X
801910,325434,X
808062,337340,X
789833,304422,X
803603,327255,X
800865,312968,X
802237,318526,X
803959,315173,X
800123,312312,X
780927,285057,X
797242,324588,X
801551,320544,X
809182,319115,X
801931,317202,X
870801,476330,X
820327,352701,X
801093,317509,X
798523,324500,X
805237,318655,X
803375,311620,X
801441,323812,X
797313,317527,X
788220,301915,X
790395,300024,X
817135,349925,X
797787,301470,X
804630,332333,X
808710,330379,X
802111,320817,X
796375,309563,X
819768,346596,X
814605,354382,X
800565,319364,X
802089,313456,X
814401,341234,X
796609,319691,X
776131,248465,X
803464,329093,X
802646,317894,X
809550,327365,X
795322,311178,X
830450,393096,X
778414,260729,X
800041,318331,X
802814,320130,X
802738,312234,X
823913,369439,X
803386,318982,X
812869,346251,X
798904,324420,X
800447,331643,X
807446,342555,X
804251,329956,X
797594,302109,X
803448,314797,X
765502,240340,X
795527,315510,X
794640,313497,X
808717,335740,X
790932,305223,X
816852,352965,X
826228,376658,X
795299,312036,X
808686,332209,X
809594,344872,X
799275,324108,X
878184,487392,X
798472,322218,X
824822,367091,X
746769,205186,X
756701,207223,X
795489,287279,X
800483,320713,X
783491,288029,X
797162,306135,X
800272,316170,X
806827,324616,X
802853,314938,X
800804,316615,X
813173,354777,X
801588,319814,X
797400,315778,X
823840,368410,X
811391,343836,X
801055,321833,X
804038,306622,X
803780,334441,X
834173,386159,X
802784,313853,X
807293,347456,X
817119,336333,X
786635,269352,X
824624,381716,X
797415,319840,X
800772,325023,X
806626,318966,X
800845,311838,X
769386,259892,X
797272,324228,X
807409,325526,X
795836,291870,X
798321,319665,X
805372,313397,X
790738,308028,X
800667,315995,X
795205,316433,X
809054,345541,X
808452,320117,X
779897,279572,X
782642,275308,X
797569,321799,X
801751,318110,X
787644,297715,X
807401,314610,X
800677,310656,X
800394,301473,X
795571,310093,X
814158,335578,X
811913,325091,X
806982,316680,X
775604,274485,X
800133,327081,X
806511,313841,X
803796,314893,X
802012,318315,X
826789,377676,X
814108,344096,X
804354,309671,X
807017,330432,X
803774,334756,X
817410,346944,X
841928,398948,X
816145,349032,X
818622,370753,X
786245,292352,X
784164,285702,X
805390,319676,X
790774,303642,X
803277,319525,X
833182,379714,X
773023,251826,X
801609,320399,X
778965,282290,X
814317,333112,X
805080,323708,X
801080,318049,X
799724,318884,X
798059,316113,X
806176,320301,X
769876,257669,X
825716,373098,X
791983,298565,X
801386,313545,X
804871,317801,X
810903,332925,X
838276,395673,X
810543,341180,X
777978,252419,X
820258,351165,X
801997,319385,X
779437,281959,X
810253,323873,X
794826,309589,X
814280,344223,X
832651,373469,X
794142,306704,X
802041,319504,X
804190,320706,X
798983,325682,X
840462,402858,X
799912,323363,X
804119,328544,X
804358,320802,X
803057,331037,X
803031,325811,X
784151,283760,X
800444,311497,X
802004,317772,X
803470,319069,X
811277,335577,X
803332,315488,X
800037,317963,X
813436,360446,X
800694,316789,X
838129,404012,X
764997,249477,X
800316,311699,X
806848,320541,X
805462,317833,X
798308,312788,X
802655,316263,X
801456,320080,X
801309,318213,X
840886,397888,X
829529,375007,X
830805,370801,X
804979,334141,X
804013,316083,X
808489,317021,X
770113,241615,X
804332,319006,X
833661,389733,X
797834,297329,X
794956,309980,X
801232,307078,X
809552,342258,X
794615,305632,X
809259,345634,X
811502,355939,X
801301,316893,X
803370,318247,X
804702,315881,X
797009,293194,X
813791,334609,X
812965,330224,X
826048,374236,X
800959,322309,X
803405,317316,X
802254,320673,X
783116,265635,X
798633,317300,X
801482,327644,X
798612,326404,X
799001,302014,X
802537,312497,X
799794,315080,X
793892,313943,X
804691,332987,X
793855,298525,X
796952,318633,X
800655,320227,X
801780,318992,X
805977,320805,X
796916,323332,X
820904,351763,X
808405,318841,X
765283,249459,X
824212,363776,X
798981,311092,X
797178,310439,X
800582,316980,X
803839,310353,X
796283,315582,X
801145,317601,X
801662,318423,X
801782,318281,X
803377,319212,X
803932,318781,X
806192,337849,X
789583,287700,X
801586,318947,X
804251,331304,X
799667,316830,X
759789,229116,X
799021,326404,X
793684,312065,X
806320,315242,X
786234,267976,X
821151,366545,X
801903,312794,X
782506,279930,X
803627,319323,X
794991,291216,X
794667,315069,X
799291,317500,X
798243,324160,X
804408,337683,X
818119,348676,X
810502,336169,X
793560,285392,X
801326,315779,X
808644,326320,X
813645,328765,X
800966,317165,X
797111,302781,X
802431,322048,X
811061,333595,X
786719,283364,X
773955,239849,X
803701,321815,X
783110,289805,X
800235,316652,X
807421,317527,X
797947,319734,X
805035,317469,X
801166,322298,X
846693,429031,X
801493,322249,X
806087,326636,X
810657,329468,X
801313,300606,X
800390,309948,X
801634,318965,X
799197,314215,X
795254,296488,X
807696,320548,X
800461,326821,X
801174,320442,X
809781,326904,X
826585,366934,X
804429,312164,X
788005,292268,X
801183,316191,X
378274,816341,X
406233,813072,X
401478,785370,X
448651,847994,X
434440,822866,X
369199,734895,X
413241,771595,X
369418,733394,X
378563,789670,X
424190,780052,X
415993,776671,X
421352,799127,X
432656,783776,X
383032,788008,X
414377,771258,X
425260,773661,X
469139,810971,X
442979,803024,X
347079,803582,X
412797,803180,X
352874,807952,X
442286,755194,X
416433,786159,X
419700,793447,X
422961,821595,X
400008,789447,X
429586,775621,X
457561,788245,X
415417,785827,X
389552,750700,X
415598,786499,X
443447,783977,X
404792,749210,X
389392,730768,X
473485,847098,X
491614,778997,X
437483,785130,X
452570,848127,X
417197,778243,X
405986,787439,X
437568,794323,X
420319,794333,X
418963,746595,X
469422,822619,X
397688,762902,X
418149,790096,X
407289,798870,X
360319,778673,X
473799,795167,X
445199,763833,X
446537,828924,X
410019,732704,X
396540,815936,X
407694,718592,X
417091,792545,X
442260,754050,X
411526,784658,X
407814,765816,X
394022,803914,X
481133,781413,X
396118,794614,X
458538,786673,X
419721,789724,X
424476,781552,X
377720,727349,X
448336,789445,X
412227,787450,X
408745,824896,X
417016,774869,X
395274,786698,X
412541,806622,X
412109,735920,X
407023,787385,X
376660,815936,X
396548,784388,X
508535,830710,X
414014,816460,X
440782,782395,X
436951,814456,X
393758,750953,X
418410,795929,X
425991,787029,X
414562,787355,X
408712,803987,X
377858,811790,X
417169,792321,X
460371,780609,X
388873,746909,X
395641,808571,X
386436,791388,X
440667,768761,X
438437,730300,X
370839,727884,X
422917,781112,X
391555,789079,X
402666,814060,X
474368,812039,X
406176,760860,X
463768,793154,X
446307,796523,X
402309,786873,X
413946,786971,X
425053,790566,X
416926,785113,X
424023,737453,X
417447,782955,X
415672,787824,X
416019,787562,X
417515,787648,X
459230,803720,X
447833,819282,X
418199,851439,X
417393,771537,X
441415,780207,X
399634,751940,X
373360,784232,X
419227,779215,X
434717,808225,X
397669,792218,X
412028,773494,X
407504,803363,X
365147,790525,X
459328,805961,X
429472,860855,X
480128,785580,X
344915,702496,X
410969,770451,X
407460,791404,X
420476,750495,X
397747,792207,X
408428,771823,X
397806,749559,X
426040,825049,X
407565,766203,X
414317,828815,X
410610,765111,X
412388,784064,X
406337,750353,X
422419,754048,X
416039,730594,X
414512,793966,X
398478,822297,X
424375,721868,X
403890,792420,X
400902,772920,X
402367,782997,X
472917,830363,X
418621,840463,X
329002,727685,X
418618,811618,X
425356,745471,X
470922,770669,X
400598,790903,X
412851,774986,X
492415,829655,X
400079,749617,X
417673,785965,X
424720,768456,X
386415,801444,X
426689,788562,X
430747,776261,X
405714,781619,X
429220,787348,X
427850,762201,X
434080,785264,X
473514,788780,X
412386,777312,X
430686,844506,X
409142,811927,X
422198,724557,X
392185,713763,X
412677,786951,X
399149,784376,X
382693,749680,X
527515,831478,X
448519,805219,X
430779,770145,X
413556,758080,X
392140,769924,X
416855,794023,X
389713,772742,X
398498,776720,X
473727,807244,X
389410,788256,X
377230,790154,X
415564,784464,X
456799,844976,X
444336,820061,X
404359,783919,X
453154,776082,X
425019,759577,X
415895,775793,X
420083,787815,X
506612,858859,X
436648,859634,X
403522,785432,X
401407,759648,X
403852,792473,X
367398,701756,X
412453,784453,X
382124,786262,X
416884,786845,X
448865,836781,X
383821,808301,X
414249,796590,X
457338,789952,X
396276,785999,X
390282,789593,X
409417,758123,X
397561,815245,X
397137,742547,X
402891,801910,X
385257,791581,X
409628,833942,X
369249,797068,X
460942,779073,X
423146,737571,X
420509,788730,X
422736,790806,X
401492,790336,X
394018,799506,X
385140,796221,X
430243,781020,X
416775,806826,X
425796,795608,X
411488,837715,X
433989,765343,X
415806,783594,X
417023,771194,X
415270,775605,X
391163,811977,X
405350,762342,X
414860,773921,X
371779,814715,X
415631,805010,X
387951,813315,X
472691,802678,X
471930,844046,X
432892,815223,X
366654,802105,X
411721,717873,X
426115,814461,X
375997,806621,X
385561,718324,X
375573,809249,X
437958,784801,X
363857,784086,X
430138,818594,X
435085,791564,X
414036,742189,X
425611,793420,X
439793,740773,X
467107,817914,X
387631,749416,X
430001,765803,X
384225,784381,X
417146,822655,X
427371,819417,X
399587,792459,X
474648,778810,X
345692,788190,X
409515,756149,X
469782,780552,X
468229,827985,X
414951,852935,X
409701,750741,X
442826,795974,X
459556,818479,X
423311,813081,X
476144,772131,X
391976,789416,X
448649,813885,X
496658,816784,X
410336,767856,X
430167,811490,X
357467,797530,X
404220,785798,X
446368,763341,X
439514,758221,X
424145,743433,X
470062,771204,X
421187,779726,X
396617,801039,X
394708,739061,X
394912,755947,X
425950,788228,X
408283,806161,X
419520,778231,X
441950,785934,X
409814,836083,X
395817,788858,X
422776,808328,X
363959,810632,X
422943,804253,X
407626,771304,X
347933,797148,X
457554,795861,X
394274,837428,X
445674,768552,X
416359,786189,X
419485,804779,X
376176,795539,X
349378,805118,X
456566,743012,X
484407,809641,X
403329,717870,X
392795,817694,X
372621,772258,X
461751,817277,X
489182,773934,X
427388,815258,X
418155,819422,X
437035,755506,X
416444,783624,X
777811,751059,X
823974,725025,X
749723,781756,X
875160,698897,X
828194,742074,X
800913,749332,X
831165,783383,X
793019,764859,X
810467,706465,X
803540,754792,X
844662,654835,X
803962,731228,X
823065,733789,X
822156,732296,X
811389,723618,X
779936,774397,X
854769,713941,X
803457,735855,X
790712,745884,X
815652,733433,X
841289,701474,X
832054,751330,X
786032,701427,X
824835,704997,X
832886,781206,X
818063,797960,X
857620,709386,X
828589,652430,X
836727,737798,X
776000,780347,X
824098,714042,X
830583,710990,X
862189,735684,X
815131,704478,X
828478,655405,X
784838,771499,X
880362,706363,X
767482,727417,X
825070,734215,X
813781,738344,X
840863,737972,X
840943,739611,X
828276,762021,X
822883,728314,X
854886,769396,X
829623,732301,X
835428,731189,X
818338,800932,X
823417,701523,X
812152,689907,X
829969,699565,X
861563,661642,X
816955,747629,X
774526,757135,X
803577,712231,X
798056,714380,X
881789,727577,X
858867,700187,X
834996,728517,X
839121,736259,X
841045,738224,X
840100,728839,X
874544,686096,X
862334,747768,X
820253,714625,X
817862,732248,X
844729,682981,X
846484,719360,X
793669,724513,X
821906,732848,X
826465,646980,X
820350,748217,X
814540,707227,X
838223,766380,X
869471,745767,X
816054,733183,X
801177,737548,X
848783,748980,X
814105,723255,X
838036,749612,X
840270,725456,X
789601,714058,X
827169,708345,X
789448,738035,X
835030,668528,X
848151,741869,X
816091,747764,X
801511,761094,X
822670,689090,X
873672,734440,X
808153,737136,X
755829,751858,X
814697,729209,X
832758,707452,X
848264,762550,X
799903,784535,X
802674,727804,X
828147,808738,X
820707,705318,X
824594,741664,X
804474,747122,X
823108,733302,X
839514,728923,X
827711,732798,X
851644,721350,X
816390,711340,X
798007,723995,X
790612,738038,X
821909,728448,X
865754,723314,X
735295,814058,X
877711,703850,X
792990,685472,X
809917,762429,X
789388,712210,X
879221,655497,X
876935,684572,X
819439,735945,X
807929,730950,X
850451,764015,X
811748,766105,X
824765,761114,X
848586,789052,X
812231,739235,X
873532,712802,X
842590,716861,X
832798,734777,X
817640,730018,X
824322,744720,X
777697,798253,X
868493,677155,X
805658,698630,X
840349,790707,X
796953,726378,X
832589,782799,X
817441,709397,X
856029,730586,X
805089,762512,X
854628,773470,X
846090,651306,X
796943,674692,X
827192,785316,X
818209,719382,X
795200,786424,X
817777,724927,X
846512,683647,X
825080,746712,X
824674,806300,X
822616,735941,X
805391,732659,X
823250,732088,X
850376,739749,X
821337,733356,X
796786,724615,X
862425,741010,X
825690,703854,X
800872,672603,X
825395,715780,X
843911,730036,X
820238,732928,X
848570,703697,X
825515,738284,X
820367,732364,X
822025,749214,X
837718,761480,X
871723,685520,X
850904,720163,X
816775,739989,X
822103,732911,X
815455,755486,X
835648,756631,X
868626,737331,X
825997,730652,X
817252,730254,X
877906,722361,X
808440,729985,X
791470,751113,X
841654,764836,X
825429,732758,X
751215,828365,X
804706,788001,X
820194,734233,X
869991,705259,X
809779,663654,X
822078,711840,X
866139,717138,X
829379,718721,X
837582,763266,X
783999,732487,X
800231,732106,X
862569,719773,X
838764,652792,X
849343,713993,X
828297,715480,X
821259,750089,X
874643,729921,X
819058,729125,X
817018,729596,X
797804,715342,X
838515,768484,X
829398,724900,X
754841,796342,X
878690,739021,X
821908,732077,X
786495,759000,X
823987,687499,X
787988,741203,X
839339,726322,X
822425,727248,X
854412,725575,X
788351,737539,X
838587,700545,X
840425,762290,X
817395,734126,X
807913,737341,X
872285,750708,X
788166,702817,X
836225,709204,X
822293,786837,X
888892,702505,X
822623,745025,X
795124,696429,X
832238,725434,X
815593,689874,X
843572,784897,X
833716,758772,X
822474,780882,X
801102,759330,X
841752,731595,X
808779,732990,X
822533,758955,X
817807,715863,X
837977,728814,X
801204,755177,X
819628,810748,X
814732,734183,X
832086,716249,X
876503,659112,X
823856,749355,X
819737,737829,X
818756,743887,X
811971,664520,X
801526,705057,X
827031,734324,X
843891,721571,X
810460,735109,X
782368,759352,X
801172,715857,X
866928,716961,X
829673,730398,X
850888,736810,X
786935,732999,X
769656,721159,X
804925,735492,X
870054,738900,X
818932,728481,X
853692,746285,X
807072,687932,X
750459,800215,X
823959,737866,X
835804,710711,X
790206,747165,X
813092,739043,X
801810,728106,X
825404,733788,X
820947,730529,X
827081,694553,X
822664,720677,X
768565,762193,X
823113,733720,X
821079,800206,X
828531,731300,X
820757,738235,X
781260,737962,X
819438,662327,X
833504,744564,X
789552,731946,X
822843,763117,X
775555,719683,X
865084,713697,X
820455,729132,X
849547,738979,X
762269,792243,X
821464,700760,X
824013,753991,X
803369,698753,X
823589,728083,X
796353,710294,X
820083,728310,X
829133,735488,X
823455,747394,X
818542,740451,X
809623,734937,X
841762,777572,X
802184,751958,X
803874,675499,X
830065,739162,X
824140,729074,X
852730,769968,X
866760,753547,X
811031,703822,X
825414,734466,X
816615,770855,X
786227,765634,X
817269,733788,X
809453,736879,X
757421,774445,X
818251,731938,X
788020,765562,X
823618,734216,X
812295,728049,X
837545,696979,X
797918,694723,X
822224,742716,X
821895,732158,X
797233,713358,X
800258,733812,X
813319,737376,X
860951,162251,X
860387,157731,X
857363,154639,X
863391,126214,X
839094,159543,X
849248,164090,X
875990,133950,X
905936,150106,X
895835,123485,X
818079,108536,X
898976,198452,X
869087,153957,X
849653,143827,X
834293,161575,X
844234,153197,X
835128,212354,X
828179,155649,X
875410,128878,X
850965,156224,X
800816,176612,X
832621,150748,X
876863,176593,X
826192,172906,X
862679,188399,X
839974,154358,X
854338,135067,X
855233,141357,X
850538,160159,X
868442,160118,X
888714,205560,X
864185,161232,X
851280,156049,X
875825,204959,X
840375,155757,X
892340,149050,X
873527,126426,X
836433,200181,X
826499,142732,X
854922,159650,X
883537,210648,X
807420,168787,X
840299,118907,X
834602,213597,X
864053,139325,X
856454,117143,X
857972,160214,X
850046,108829,X
804936,148980,X
864374,150149,X
858587,150101,X
870247,121460,X
855656,162100,X
850176,127908,X
850057,157848,X
828005,145089,X
861994,160156,X
849537,157510,X
867125,168762,X
838142,156770,X
847644,164348,X
856349,158150,X
860606,152843,X
869288,168662,X
838328,185708,X
860986,140320,X
829229,143653,X
866051,172932,X
871556,194747,X
865489,161762,X
851840,110475,X
846256,154064,X
836081,178429,X
859707,202806,X
849938,156042,X
894124,202052,X
864325,170593,X
848108,161786,X
817619,181929,X
858058,196183,X
861242,161722,X
885793,172115,X
850577,157049,X
877125,161227,X
883864,111281,X
891699,170415,X
802394, 87835,X
862759,157988,X
824185,167369,X
813124,157130,X
840335,164912,X
858042,178196,X
846257,145306,X
858516,151301,X
851282,153750,X
905005,164126,X
857309,139276,X
845589,192916,X
895245,150977,X
863995,150435,X
862642,159379,X
861631,169376,X
858934,162874,X
912023,160368,X
842824,177832,X
824560,133679,X
842281,175525,X
860845,155375,X
841096,188742,X
821428,153468,X
840357,169437,X
827802,189078,X
844734,164570,X
847812,114745,X
887269,166179,X
830159,134329,X
850925,157811,X
847276,121785,X
870599,149782,X
780153,136449,X
814379,132655,X
834483,173379,X
852423,159874,X
854012,157449,X
883375,158482,X
850219,110573,X
836450,151205,X
881217,172320,X
813239,139752,X
871255,140340,X
789356,159383,X
873690,156226,X
858834,149259,X
778867,140736,X
872057,122354,X
882097,161493,X
787336,144875,X
849751,167033,X
843833,170416,X
850663,157840,X
812240,177846,X
838609,140215,X
850959,157920,X
859703,156782,X
854753,190254,X
895723,126593,X
857833,170565,X
850200,164752,X
845303,150476,X
877422,134877,X
850153,155701,X
819256,201704,X
871689,155981,X
818014,140185,X
815298,167390,X
864088,171351,X
902529,162041,X
908069,146564,X
799326,106384,X
854996, 81095,X
843813,182032,X
888504,147016,X
877964,242679,X
851866,156896,X
821361,175823,X
810775,160434,X
843150,156573,X
844088,150085,X
830620,117906,X
835790,127898,X
819541,117296,X
858703,157931,X
857846,153281,X
876408,183646,X
842576,153072,X
848974,199427,X
862925,243856,X
856561,128799,X
834171,189042,X
872516,217570,X
869167,105039,X
819670,183364,X
846575,159002,X
895127,152283,X
830445,186055,X
792179,148539,X
852410,187705,X
853554,158012,X
927170,250593,X
825605,167750,X
846731,162515,X
878170,123364,X
884966,133900,X
866987,154415,X
846284,113820,X
873474,159567,X
878258,158631,X
882306,173836,X
856924,169071,X
794260,129843,X
851568,114049,X
868736,179354,X
925732,210388,X
868375,161990,X
855593,161003,X
849599,157084,X
868317,177001,X
800304,163436,X
823740,169808,X
856202,158811,X
883929,121705,X
851010,157593,X
872506,157517,X
850533,160136,X
816393,185056,X
850911,157772,X
812942, 85345,X
835581,147664,X
913298,162009,X
858172,137586,X
872781,154295,X
871597,185239,X
923120,170161,X
837019,215527,X
835702,176502,X
837017,154170,X
859177,143273,X
866851,129505,X
855852,134834,X
924289,171369,X
860154,113364,X
836739,162321,X
850775,162968,X
884750,154317,X
849681,125345,X
854463,159977,X
883567,161769,X
848137, 87922,X
823676,152154,X
848135,130674,X
844400,150812,X
864494,136669,X
878157,210496,X
851088,157432,X
786528,104976,X
860106,157080,X
861412,205239,X
820675,168154,X
834036,144156,X
842907,133992,X
846720,162060,X
871544,144135,X
849003,115373,X
856753,145184,X
839757,190518,X
865113,161302,X
846936,161313,X
845802,172285,X
844357,163402,X
881106,105566,X
877835,151890,X
839445,149778,X
866560,165110,X
845798,213118,X
818668,120458,X
831446,182864,X
900955,185733,X
836647,167267,X
874672,104851,X
849126,121710,X
889142,154467,X
855993,225023,X
854095,158510,X
850787,125678,X
859298,139834,X
829216,121494,X
837676,148639,X
851919,127963,X
841353,125628,X
848563,117708,X
893106,176595,X
852503,146551,X
848290,143184,X
825541,151495,X
883231,232031,X
864667,143614,X
805089, 96540,X
854909,149938,X
847097,176660,X
910435,171155,X
878749,188759,X
871780,158486,X
841292,155620,X
846011,160034,X
855969,193497,X
860927,110775,X
808069,134402,X
848413,183717,X
791722,162000,X
852104,134678,X
806567,140259,X
847423,161535,X
867993,162841,X
828038,149181,X
849404,170474,X
841967,150890,X
850945,161669,X
888697,143969,X
813868,188928,X
864991,159874,X
881109,152198,X
811694,188374,X
900360,153622,X
885764,151791,X
814553,164190,X
895623,178393,X
829790,205695,X
865170,173755,X
850453,155432,X
864211,216526,X
848770,111076,X
791199,164843,X
834165,140684,X
843905,219401,X
857328,143692,X
838146,159541,X
340693,569371,X
315965,587160,X
405652,622938,X
359831,554975,X
349296,557688,X
289423,559134,X
408689,562521,X
321312,574721,X
286568,547471,X
370259,585265,X
339967,562602,X
410917,614521,X
283570,563726,X
347197,591316,X
342064,570045,X
317331,556086,X
335792,541310,X
330455,568758,X
366794,582584,X
378697,591764,X
339981,565418,X
338342,566864,X
338474,563350,X
432052,613723,X
340064,550509,X
334354,578047,X
296775,572432,X
353335,592567,X
334016,562797,X
328438,532686,X
365927,571713,X
343247,564376,X
325057,581121,X
330881,579058,X
378648,579579,X
339115,566863,X
333299,597586,X
367048,553451,X
345840,561591,X
366934,581294,X
358793,547046,X
393570,579641,X
304399,545221,X
353979,578923,X
337002,589527,X
327738,559624,X
334549,579199,X
297110,556485,X
327403,548875,X
413894,564459,X
326043,553772,X
337811,558454,X
333901,532836,X
340545,568654,X
358483,554925,X
318065,581616,X
367751,578289,X
331667,570387,X
321519,561045,X
299578,572052,X
339632,536577,X
339993,544064,X
268672,508874,X
332960,569308,X
345042,566973,X
352220,602793,X
333934,537464,X
312386,555195,X
334182,558498,X
335328,562880,X
303637,570253,X
353145,580916,X
325118,556212,X
294310,563522,X
371563,547746,X
373894,555347,X
407040,577739,X
337298,565486,X
357813,572855,X
304157,566007,X
335918,566525,X
330127,570072,X
339212,538693,X
357275,551101,X
334785,565575,X
326152,563230,X
345903,561314,X
238748,551038,X
331175,551842,X
352520,566829,X
341675,560197,X
354746,552404,X
412500,594675,X
277027,536847,X
322209,547247,X
375619,553791,X
288068,561932,X
344770,570309,X
284031,566654,X
324442,567881,X
356246,549756,X
404420,577532,X
336829,562228,X
293591,522132,X
342963,582232,X
338860,561151,X
324055,590810,X
328331,541094,X
357737,597104,X
392534,593343,X
298665,568245,X
343376,575709,X
338863,563107,X
361370,552483,X
338935,567577,X
350117,535859,X
371000,555062,X
368617,554066,X
331795,529654,X
344237,573700,X
280110,522025,X
328657,564864,X
452457,597461,X
333669,542228,X
320628,564596,X
316642,553340,X
340712,563178,X
349955,535578,X
261538,525920,X
411008,607342,X
317136,563479,X
297022,574097,X
319927,524637,X
359772,568428,X
344791,578536,X
324093,580491,X
373907,558472,X
321905,573147,X
341721,576427,X
386373,606623,X
338588,543875,X
341578,558672,X
371616,570648,X
331987,568997,X
341329,565571,X
334350,556417,X
330482,571217,X
338950,572545,X
289087,565427,X
343997,585193,X
225786,529417,X
365567,547606,X
320827,519618,X
286990,529505,X
321517,569562,X
388806,569524,X
411796,581307,X
331440,551885,X
325958,573367,X
348171,569251,X
344239,530765,X
419151,577335,X
321309,569996,X
386377,574187,X
342099,561508,X
366688,562413,X
321657,538660,X
403004,613466,X
363304,553764,X
384922,582877,X
304556,568584,X
336787,538925,X
327998,571265,X
303269,531608,X
313649,523765,X
337889,558031,X
360165,553303,X
340032,561740,X
338634,564414,X
351459,565704,X
412767,593558,X
283474,532727,X
336928,557412,X
366478,594677,X
343450,570659,X
331616,565089,X
354529,573677,X
276703,559740,X
282066,560178,X
331366,567311,X
321910,573825,X
290107,571927,X
281979,518199,X
374695,563163,X
340191,567638,X
338583,563529,X
358312,559466,X
338474,564151,X
338205,566246,X
342901,582886,X
265815,540385,X
304086,576100,X
347966,563506,X
346144,560472,X
352381,592377,X
318681,528806,X
369366,561201,X
310041,533285,X
344314,595915,X
363956,609339,X
328586,551385,X
330767,552963,X
312558,520650,X
315850,573154,X
379388,567285,X
329905,579935,X
352209,548608,X
357679,548036,X
339288,588052,X
330335,568221,X
341559,562163,X
341925,569393,X
327695,543105,X
335999,549795,X
302359,534317,X
332586,566187,X
330750,561657,X
400380,588221,X
337910,562252,X
336549,565597,X
343717,559909,X
332116,594868,X
358384,556361,X
415881,584352,X
345164,579614,X
316395,537403,X
340970,564831,X
340383,600071,X
326627,534442,X
356865,545785,X
306298,551902,X
347575,565576,X
302583,571881,X
352424,557574,X
279008,521035,X
335029,553213,X
338753,563384,X
324032,577807,X
327973,534972,X
321924,527106,X
345495,579864,X
385091,599401,X
361138,551307,X
332884,533990,X
269126,508814,X
350056,566657,X
374117,546122,X
350283,559840,X
335525,567445,X
350798,535657,X
289002,520678,X
324516,522674,X
364844,571623,X
351815,574947,X
275524,559548,X
348773,583528,X
308966,523409,X
316313,570785,X
341966,561987,X
341446,538787,X
318823,565345,X
347522,587567,X
293746,544468,X
334983,572690,X
325125,564342,X
330145,546705,X
336336,563145,X
302353,545544,X
321216,569834,X
285152,520229,X
335027,565050,X
332270,556288,X
341016,545280,X
339640,561426,X
338633,563504,X
324952,565867,X
353583,554147,X
385183,556284,X
292636,520371,X
289176,571435,X
310944,559497,X
336974,563207,X
337173,557853,X
396903,591235,X
324440,567074,X
333378,557892,X
300366,565761,X
344437,529492,X
325871,558965,X
367641,556309,X
344552,554676,X
297212,546223,X
355924,577596,X
331340,524203,X
292932,558293,X
306346,523584,X
341966,586266,X
282430,560217,X
326251,549298,X
335201,585318,X
351564,573155,X
322365,530808,X
405542,600089,X
296763,528676,X
221233,538472,X
338084,560295,X
345674,579033,X
325883,560492,X
345123,577788,X
329859,564384,X
353939,570931,X
409616,575024,X
365058,545456,X
404782,557913,X
368724,598412,X
344096,575522,X
182618,346663,X
171461,348130,X
186536,330019,X
177241,292639,X
248683,383412,X
174057,358906,X
215243,289985,X
170688,343596,X
144502,345417,X
165689,356983,X
168443,367928,X
165158,343946,X
159711,352701,X
175781,341039,X
233480,289069,X
189029,366740,X
168573,350387,X
170271,306395,X
192775,350028,X
152054,345632,X
139299,314046,X
202053,322650,X
134695,350397,X
159654,381778,X
188093,324040,X
183236,338163,X
156984,430950,X
182751,435819,X
198908,372797,X
198517,325721,X
161345,350804,X
210497,359835,X
141993,331189,X
170788,373545,X
166449,363036,X
155479,345893,X
186380,363938,X
129332,360811,X
224225,376975,X
165945,345849,X
223550,323197,X
122755,434879,X
166584,349245,X
179472,342273,X
148749,359845,X
177505,332053,X
160222,380591,X
178869,370161,X
170002,370000,X
164354,347671,X
169966,368623,X
145867,363616,X
181561,358111,X
164915,350360,X
166973,341636,X
153181,277968,X
155505,355581,X
160835,347784,X
211265,396792,X
203254,362605,X
137967,354539,X
174064,357989,X
179609,408365,X
176506,351827,X
172879,347028,X
180506,330980,X
185966,359964,X
146070,316860,X
152957,321354,X
163190,331719,X
186914,361706,X
159191,309314,X
170425,316185,X
162040,316797,X
195000,354829,X
126702,351222,X
213064,290947,X
140612,350010,X
172885,352621,X
170155,343568,X
186806,334070,X
146072,288800,X
169293,348686,X
169502,411323,X
152861,407965,X
156041,295117,X
117585,391892,X
163981,344090,X
158664,310765,X
141113,351050,X
163796,345091,X
160369,353500,X
235671,300234,X
140876,334435,X
108232,373112,X
192460,388323,X
133744,308918,X
216209,437830,X
156945,339397,X
199859,316334,X
159496,331641,X
167845,341409,X
182435,365508,X
133795,360518,X
169628,365003,X
167262,399527,X
177728,352687,X
130683,363204,X
198197,344933,X
197735,355477,X
172020,342883,X
185561,342784,X
202011,337353,X
157394,346500,X
182050,424341,X
129664,341196,X
173188,355248,X
182499,310438,X
170384,339979,X
182093,321311,X
185696,338006,X
102221,374657,X
165881,364469,X
164875,349007,X
159120,340829,X
168274,374689,X
178495,373915,X
179811,342089,X
162606,363185,X
173908,362098,X
133580,348602,X
190634,357254,X
186503,369651,X
127134,379827,X
169145,355279,X
140121,346875,X
141860,324304,X
200251,306215,X
174373,363552,X
170022,347877,X
165657,338722,X
186361,351075,X
213022,338238,X
155228,357729,X
171614,435530,X
175586,365049,X
187858,381077,X
171074,293610,X
153738,360530,X
199043,270173,X
165886,348709,X
159428,300364,X
197463,378513,X
161273,347538,X
186082,330058,X
143732,279724,X
142899,329415,X
156977,424622,X
174878,362329,X
148915,338914,X
187324,377187,X
175766,380534,X
185071,362905,X
158550,354818,X
174672,345849,X
169880,343122,X
109090,326101,X
187854,354777,X
153903,353738,X
190241,329582,X
102983,382712,X
143117,345163,X
188985,367645,X
174834,411644,X
144228,344974,X
146821,297434,X
171848,343242,X
 94382,320888,X
154412,310120,X
176490,344679,X
170616,352610,X
 81648,360080,X
153607,379395,X
183970,355973,X
105444,361358,X
158571,361986,X
177579,319865,X
198892,322470,X
216975,296647,X
166654,350678,X
189102,333074,X
198712,303299,X
137098,384889,X
144306,328086,X
142455,343512,X
178319,318244,X
168886,353913,X
174656,393278,X
130805,354417,X
176433,350561,X
142252,329183,X
165476,377389,X
210102,333312,X
129453,321221,X
144705,375936,X
206687,342276,X
153583,352282,X
189499,356601,X
159392,351000,X
181463,326571,X
162975,335389,X
157691,334886,X
154167,353183,X
165607,362883,X
182239,333302,X
176982,354631,X
183516,374212,X
191099,341570,X
184570,360446,X
207804,354938,X
198493,326704,X
149269,341445,X
184798,392233,X
174438,319075,X
107124,325984,X
 76052,360840,X
159302,337993,X
140101,341028,X
168149,345638,X
150009,371014,X
157193,350343,X
111476,358647,X
151164,332239,X
171318,373473,X
175169,349454,X
162600,392531,X
168067,340249,X
170102,323164,X
124132,340448,X
149863,284721,X
168079,347343,X
128953,304971,X
169228,364545,X
198415,321418,X
183610,321788,X
220869,407358,X
159472,372246,X
170837,353968,X
165653,317602,X
135537,356169,X
166973,334724,X
158750,312102,X
161448,373412,X
158713,379013,X
180493,319750,X
125715,302114,X
194033,340466,X
158871,312380,X
161387,343617,X
169121,347594,X
167653,352074,X
125902,318850,X
217686,296514,X
171986,429306,X
211360,279794,X
157181,346842,X
188909,341194,X
140128,325904,X
117874,389929,X
162921,317643,X
173978,346514,X
 98533,355691,X
194956,372256,X
164847,287064,X
174410,372064,X
149092,352682,X
166323,352927,X
178515,370287,X
169337,348605,X
122986,334382,X
145282,391482,X
185919,363092,X
180519,368284,X
181227,347052,X
168284,309036,X
198251,335402,X
160922,347681,X
141861,328909,X
147911,328024,X
178264,330827,X
178235,346006,X
195151,317753,X
122360,357480,X
167330,332452,X
115363,305575,X
185661,404482,X
177858,352255,X
113068,317574,X
125675,360158,X
172842,351663,X
124724,459999,X
169069,348929,X
185253,344152,X
155625,262321,X
158201,315944,X
171277,361020,X
209553,326461,X
160165,362858,X
190725,336160,X
169994,409806,X
179463,361279,X
172662,388185,X
165284,425978,X
160206,303063,X
155690,368375,X
124516,325289,X
179326,321160,X
165573,305517,X
155508,372355,X
166799,318482,X
161780,324523,X
168805,351913,X
206519,355629,X
163091,350167,X
176144,353300,X
179483,359645,X
213951,352868,X
164046,346109,X
169569,346955,X
225356,318394,X
214966,358837,X
159253,343477,X
219779,330969,X
169876,340860,X
669118,354195,X
613682,399434,X
617399,392653,X
629247,364078,X
641070,424917,X
609532,388425,X
629369,398359,X
605911,379990,X
622550,391601,X
607905,403460,X
679465,399014,X
608711,373665,X
623498,399288,X
601212,370698,X
574989,407228,X
563517,391159,X
687717,379483,X
616040,330855,X
653024,367312,X
607440,403119,X
620240,397022,X
599215,391457,X
587478,424878,X
613921,394043,X
624328,392133,X
635887,384511,X
559877,401053,X
617755,401065,X
693265,388552,X
559933,403956,X
655859,416496,X
625919,402984,X
595215,391491,X
617493,379303,X
598657,442558,X
601644,436831,X
617118,374098,X
591051,389443,X
617296,386864,X
616468,394118,X
630384,376295,X
558770,390646,X
637332,414017,X
556780,409205,X
577473,384210,X
650054,432740,X
595063,328609,X
714443,433876,X
603566,410391,X
562356,383175,X
546166,423311,X
626539,394908,X
663820,416308,X
710910,464586,X
624310,398408,X
632546,389750,X
667249,417107,X
608309,377530,X
611357,393577,X
658219,436184,X
615032,402225,X
628131,406850,X
632390,363198,X
575116,345564,X
625784,441883,X
618893,419740,X
579564,428498,X
686324,364237,X
586242,396484,X
623248,399928,X
609219,362804,X
537211,376777,X
605310,394011,X
634973,450542,X
595411,413706,X
613037,419086,X
617444,397675,X
633304,366062,X
592620,446156,X
631633,337973,X
619637,395224,X
620330,398630,X
621964,409409,X
618446,372298,X
629789,426313,X
608687,374928,X
680646,375662,X
591831,438997,X
550086,442382,X
620330,396776,X
551236,401856,X
617178,414525,X
584938,344365,X
622636,456843,X
649987,408293,X
613719,382828,X
576987,392508,X
599766,409755,X
584077,398498,X
695514,321521,X
561388,355834,X
691600,397893,X
610676,449688,X
600114,413216,X
626811,372435,X
636291,360636,X
570384,393553,X
626700,401688,X
624106,398619,X
523329,404632,X
611954,360938,X
613536,395801,X
576488,397913,X
652745,406585,X
603193,371867,X
610026,444858,X
629725,405117,X
648429,422590,X
562772,382904,X
638823,411764,X
617764,397102,X
579922,379009,X
610698,396326,X
642607,374702,X
621629,397208,X
659321,404555,X
576235,462612,X
598628,425191,X
623502,420376,X
665965,449273,X
608923,385575,X
611579,407670,X
617573,386848,X
589862,418742,X
653325,396810,X
605073,372055,X
623137,408209,X
499262,398424,X
619339,401624,X
619295,397643,X
578878,420108,X
533577,355107,X
615934,426539,X
690195,475150,X
673514,390760,X
657120,386782,X
549945,372313,X
675858,410545,X
626586,415166,X
618449,404599,X
638783,399478,X
578113,395458,X
622557,361134,X
635324,420555,X
666135,430421,X
689725,465685,X
593601,445149,X
615094,383077,X
624599,417673,X
573969,434110,X
642881,403147,X
634383,422065,X
582389,428200,X
617330,369828,X
621989,394856,X
651828,468138,X
612936,398723,X
613351,407952,X
562777,437516,X
533212,366954,X
618113,400002,X
609344,448128,X
615342,413931,X
623989,368662,X
620187,400168,X
687638,439257,X
573925,449341,X
547270,403384,X
619318,361696,X
588432,446279,X
592924,393730,X
615325,383841,X
611875,422910,X
681941,370225,X
620818,396967,X
662154,385013,X
554938,347875,X
628655,321099,X
619628,399433,X
660333,393215,X
618391,348381,X
565829,395454,X
617689,397001,X
604554,393193,X
572417,403906,X
659193,384523,X
632060,367800,X
633894,404424,X
620610,395343,X
615175,397627,X
624293,333944,X
593689,316888,X
617319,374666,X
572244,349463,X
619239,400025,X
621622,390298,X
622101,371771,X
630205,338054,X
654147,407182,X
637594,420311,X
629004,392271,X
585207,336451,X
618349,397614,X
650157,402991,X
638966,486628,X
655201,411873,X
602335,433298,X
630706,388370,X
617428,397343,X
621537,390372,X
631365,450732,X
618406,404239,X
601390,453925,X
603945,361794,X
619427,396945,X
660103,414557,X
700340,335010,X
608182,416637,X
661166,404325,X
620939,385731,X
626371,349696,X
614683,367259,X
619332,401992,X
587453,401098,X
652349,321291,X
617954,395504,X
636807,424537,X
533889,333741,X
623386,387031,X
632952,385722,X
695010,449565,X
626843,367696,X
488205,420586,X
611547,411952,X
621241,368090,X
581240,362971,X
608747,363132,X
662177,420431,X
615665,405490,X
617447,366176,X
560393,389490,X
685785,409913,X
623433,400160,X
609091,437020,X
624343,403629,X
668879,388617,X
567105,437623,X
657450,365008,X
591955,378142,X
588952,437524,X
607665,447516,X
608601,418450,X
662830,420955,X
605891,428146,X
615239,317684,X
588933,366439,X
618053,357534,X
577773,434308,X
606558,458285,X
620955,389692,X
738190,371970,X
634661,446187,X
571692,449353,X
605650,447537,X
639502,371440,X
684568,380640,X
658735,399039,X
618157,384990,X
618869,398187,X
603388,403039,X
585255,415823,X
639507,438534,X
594112,399331,X
619475,400592,X
571570,375257,X
659297,373975,X
603285,449307,X
610199,394579,X
590500,418472,X
630904,404643,X
591725,406549,X
621560,397789,X
563182,367521,X
593879,444161,X
616054,371666,X
627679,395601,X
608195,447380,X
616737,397973,X
650120,324477,X
616926,398697,X
650859,460072,X
642157,345545,X
601369,411415,X
604703,392288,X
721905,378957,X
619415,397644,X
571043,347389,X
659191,459637,X
629978,400626,X
688487,383589,X
598053,438963,X
635242,356290,X
605899,412428,X
656642,407213,X
619924,406713,X
630067,372798,X
600007,377908,X
589164,386733,X
630491,379017,X
618676,377015,X
639613,388524,X
669409,415893,X
681608,436537,X
649968,371445,X
629000,417990,X
658884,390135,X
605407,427914,X
629891,414975,X
621778,364695,X
610722,418243,X
601599,388540,X
615649,429323,X
627206,402647,X
643965,366316,X
614877,402442,X
606486,420054,X
668482,358452,X
628715,434772,X
196462,887983,X
335970,846828,X
272394,837600,X
211165,825505,X
226433,837646,X
219686,859997,X
242087,844255,X
213558,873714,X
245144,845719,X
247997,878582,X
283576,809069,X
224676,859348,X
298214,820903,X
245468,859425,X
222704,824909,X
250921,819639,X
249209,801933,X
230591,874855,X
234091,876039,X
286769,862152,X
224789,866804,X
245023,849247,X
263626,851699,X
250198,825417,X
231263,863308,X
307605,840195,X
276635,875623,X
230399,842538,X
274070,798617,X
247939,831010,X
209922,850026,X
300726,862728,X
222727,770963,X
239505,885057,X
291561,845450,X
221122,832810,X
194258,914691,X
228928,855040,X
264627,808661,X
225916,843329,X
240221,843932,X
276600,823311,X
204854,810013,X
278326,829095,X
246047,846189,X
251032,876118,X
285258,848668,X
260943,889692,X
245928,867228,X
221002,870506,X
292872,896822,X
261896,897475,X
269723,849664,X
243941,843256,X
249370,872804,X
237120,856814,X
257472,849587,X
253703,834676,X
238080,830689,X
225991,869734,X
231781,799444,X
296892,901182,X
234604,822462,X
241473,860854,X
219864,842635,X
235901,856563,X
207217,878249,X
256949,820470,X
204597,863162,X
325275,866433,X
239344,814789,X
187894,871219,X
259973,862559,X
189752,865463,X
245707,844466,X
188480,870646,X
305915,854818,X
242443,851797,X
227138,824372,X
229970,878786,X
281971,825246,X
241166,845204,X
225846,874086,X
284077,905181,X
258975,837353,X
241972,840749,X
245602,857160,X
227363,836593,X
257926,936947,X
237689,839510,X
267799,847911,X
207552,772091,X
201567,881003,X
265125,820661,X
273165,852766,X
290210,818593,X
256487,868899,X
271395,862063,X
251958,886571,X
249253,856047,X
268289,878265,X
295375,861990,X
256316,818886,X
246470,842932,X
314666,849163,X
298979,774144,X
192885,887667,X
227819,900986,X
250003,859517,X
249857,844975,X
218369,851387,X
252586,806474,X
283017,850861,X
228095,843338,X
266980,825990,X
241381,844402,X
294053,878220,X
253339,750941,X
241413,845029,X
294326,807584,X
257856,846423,X
248210,886338,X
216846,737568,X
244743,830888,X
277055,860813,X
279923,805957,X
235041,823732,X
238524,842928,X
246453,883061,X
260590,827955,X
274554,845338,X
245254,907991,X
299821,866288,X
261120,804153,X
246729,879602,X
240308,844341,X
220620,819091,X
268926,813783,X
234219,845270,X
188424,849785,X
240171,843940,X
163766,859386,X
191257,802651,X
224852,934148,X
261093,844962,X
228711,848090,X
183478,851724,X
201080,823689,X
118590,857150,X
264798,767716,X
313609,860065,X
232246,844226,X
237757,834092,X
222682,806314,X
243331,844022,X
197362,870337,X
229857,843917,X
244257,776516,X
224083,852922,X
309399,838744,X
271205,817620,X
242247,864253,X
235337,831592,X
232357,810798,X
252199,828023,X
267049,950249,X
245678,821691,X
241138,844374,X
246182,840370,X
264175,824349,X
266977,887963,X
274685,883097,X
244260,847060,X
256073,917590,X
258416,835432,X
241687,844256,X
282603,846165,X
228032,893055,X
226949,889283,X
264274,813041,X
139601,914203,X
229131,842806,X
236274,861302,X
261819,863523,X
200005,825237,X
310591,841778,X
244049,817710,X
235022,911236,X
256512,837094,X
236495,861569,X
256889,880721,X
258528,856273,X
233284,860085,X
257480,849037,X
269354,811847,X
222445,891438,X
222356,840843,X
236207,886769,X
174371,864697,X
159683,838958,X
237750,837381,X
241545,838673,X
256082,831969,X
246468,838071,X
205919,844377,X
266111,813259,X
244246,847589,X
244899,812192,X
219316,898830,X
251866,864044,X
238308,790723,X
209264,836661,X
242519,845811,X
351883,890475,X
278929,842054,X
244027,850132,X
248570,843156,X
224681,858432,X
210276,824826,X
220884,916718,X
240846,841609,X
257093,801567,X
236749,813868,X
332237,911313,X
288954,846991,X
238084,844799,X
236431,844100,X
299772,828655,X
241633,846949,X
230107,858332,X
256216,903741,X
258135,880184,X
232331,872896,X
183583,787453,X
264293,890923,X
213208,833959,X
224288,931476,X
261622,869706,X
297183,841456,X
241849,815141,X
308616,811021,X
220931,876605,X
289719,866638,X
233931,838374,X
224694,848663,X
240645,855514,X
229567,855332,X
247613,815836,X
239387,847822,X
257788,880587,X
245532,846331,X
224241,828996,X
227582,856861,X
244618,845420,X
213775,841758,X
243511,830743,X
244799,841688,X
216061,848623,X
294492,832336,X
248931,844960,X
267478,894783,X
228715,837572,X
269483,848608,X
248276,844455,X
236987,881080,X
223732,826580,X
230149,886583,X
265299,859533,X
181803,799487,X
247210,859012,X
261633,773355,X
262370,891499,X
250394,847577,X
222019,839774,X
238328,770068,X
208941,860169,X
238714,858826,X
241005,825301,X
270742,847836,X
238492,833394,X
312726,853829,X
286663,846902,X
261796,819395,X
253890,807676,X
242415,844335,X
134134,842630,X
163956,833732,X
250359,849451,X
295357,842293,X
218942,848326,X
205466,778884,X
253899,862843,X
244966,841126,X
208494,850615,X
221126,837878,X
271093,861412,X
216543,842952,X
255185,825960,X
251070,877802,X
264565,859237,X
228611,836717,X
228517,837056,X
198583,860431,X
215976,836025,X
254411,848090,X
168036,807011,X
292194,906490,X
243951,865415,X
260922,785987,X
245740,814541,X
317675,838127,X
274505,864723,X
230049,865536,X
235084,818866,X
172690,847721,X
221706,875060,X
236740,853169,X
298800,824277,X
265246,889333,X
219498,851932,X
247484,846372,X
288675,919879,X
229280,813483,X
282622,879222,X
307300,836132,X
238260,882489,X
219049,825171,X
219321,848396,X
240028,849354,X
212009,864463,X
246857,852483,X
245118,811283,X
247855,794626,X
253655,821946,X
241475,850889,X
210162,860529,X
204922,854068,X
225567,853078,X
245258,799882,X
257134,845851,X
187314,815820,X
294275,174786,X
329428, 66056,X
325938,164475,X
253129,154296,X
319838,170383,X
240213,118409,X
283784,178305,X
376613,159699,X
338717,181582,X
304283,183656,X
314519,146787,X
270899,175377,X
291228,101272,X
291170,110147,X
321522,163852,X
202627,179376,X
307913, 91419,X
311093,169734,X
321775,164846,X
294832,124284,X
295537, 91032,X
383044,180418,X
338570,192256,X
337894,175289,X
359796,165920,X
316263,163806,X
320972,170417,X
277860,111893,X
367806,123963,X
359352,162962,X
350964,149159,X
332201,181702,X
287966,150135,X
346942,152780,X
232784,169847,X
292492, 99170,X
334529,166765,X
363208,238649,X
196795,190277,X
353333,113156,X
373191, 88470,X
333789,151168,X
339732,163158,X
321822,187102,X
276792,141848,X
308044,164482,X
311328,159477,X
383052, 89061,X
316820,150304,X
314479,178821,X
310824,144943,X
333143,200298,X
300672,175844,X
339482,151261,X
319208,164182,X
321645,164662,X
308763,166511,X
308066,145825,X
360143,155270,X
348893,195430,X
319283,158983,X
332284,194186,X
292402,184441,X
361227,221878,X
313573,109221,X
310693,154278,X
344482,215846,X
358652,186358,X
330533,214555,X
320400,160020,X
267662,127175,X
396583, 82842,X
292193,125417,X
324121, 96346,X
321344,166633,X
234837,151054,X
368060, 76739,X
347050,150472,X
245783,109229,X
400550,144359,X
343217,153037,X
315488,160339,X
347406,155708,X
336845,172750,X
357014,148222,X
331862,169092,X
322140,165212,X
363075,162238,X
318738,182134,X
346717,178180,X
311819,140674,X
332032,157725,X
301983,173386,X
321556,163352,X
315830,102777,X
312275,145173,X
325861,203058,X
360703,150999,X
345976,148333,X
320210,191459,X
318665,158107,X
425563,163524,X
264427,188193,X
348177,179526,X
265430,151883,X
320718,158610,X
380609,185976,X
345234,188822,X
362027,150348,X
300294,178772,X
315963,174031,X
333787,189423,X
337343,156614,X
334812,137431,X
347492,153416,X
324518,167369,X
353991,193997,X
274321,219665,X
335476,183897,X
300021,159185,X
384591,137729,X
320000,162605,X
268938,211870,X
366146,196571,X
356280,185198,X
325767,164095,X
350480,214608,X
314791,163370,X
302582,134124,X
328851,147002,X
347039,195468,X
289531,145743,X
343018,239960,X
271123,163465,X
326959,154655,X
332307,189590,X
310529,141617,X
380281,205779,X
411606,137378,X
348191,165419,X
305292,175260,X
256120,141529,X
390934,170420,X
358562,112650,X
355499,224982,X
363437, 77975,X
232043,177614,X
246753,175170,X
327204,152871,X
371685,151612,X
291723,177824,X
324488,180658,X
340048,131847,X
295311,115000,X
239495,163949,X
267521,119941,X
401396,125431,X
260930,184935,X
336085,170252,X
291782,159562,X
307616,207295,X
352910,145624,X
294653,104623,X
372883,222824,X
318707,160697,X
281548,175184,X
307747,128551,X
336991,217448,X
270233,195701,X
433100,134861,X
311433,134432,X
375353,117180,X
315146,160782,X
311163,166821,X
305333,171939,X
332470,161202,X
302266,185591,X
370775,144355,X
314552,151035,X
343145,172236,X
331212,162496,X
299460,144708,X
383894,179880,X
345703,149860,X
331381,162660,X
344364,213940,X
378347,144880,X
322789,137560,X
328425,159826,X
341137, 78287,X
317771,154916,X
336266,148507,X
342066,119083,X
297177, 88467,X
280519,165350,X
305901,166656,X
284757,175853,X
281732,221764,X
321262,178491,X
344710,213543,X
311408,168232,X
356500,188114,X
304376,222294,X
278116,185472,X
247892,115217,X
306326,164202,X
311516, 94189,X
323747,163351,X
321778,158339,X
309501,166931,X
333942,143344,X
339393,209145,X
340996,170964,X
315333,144566,X
332853,168141,X
290958,168323,X
297731,175876,X
280274,182662,X
306540,193434,X
319155,159850,X
355168,114823,X
270201,236813,X
347630,120931,X
446538,180119,X
371052,147369,X
403365,215735,X
258201,153095,X
335121,214149,X
283786,133973,X
353951,133923,X
345069,165968,X
367079,183232,X
363932,228249,X
354132,161850,X
390538,157197,X
333805,148479,X
325344,159885,X
323905,168029,X
274495,182470,X
309684,150076,X
381617,157000,X
322841,169735,X
359520,132845,X
249616,144446,X
321620,169950,X
415495,116126,X
335742,196692,X
271424,251323,X
340066,152500,X
327734,163585,X
346079,220993,X
276741,143844,X
377042,182019,X
400055,131725,X
332246,172932,X
310386,171068,X
327569,158418,X
324444,166910,X
317217,163896,X
270404,183080,X
277512,151920,X
324966,170021,X
306421,145493,X
382419,110392,X
318266,171979,X
321245,141627,X
318192,170844,X
320821,165455,X
329029,204399,X
311065,219934,X
287127,192494,X
283571,109326,X
308748,199866,X
369490,164369,X
270729, 67329,X
279010,181792,X
282957,179982,X
308489,145929,X
327927,168535,X
327022,161396,X
376557,109320,X
248427,146381,X
321182,150806,X
312337,154488,X
268518,181514,X
285865,167818,X
279251,184486,X
306042, 66361,X
318215,180010,X
293978,197091,X
338044,233264,X
293864,241877,X
344380,183817,X
316257,171544,X
248779,111087,X
313783,177198,X
415534,110526,X
296164, 96874,X
315670,160928,X
339137,160334,X
290700,196285,X
307107,174760,X
325279,168587,X
328423,161604,X
333883,276840,X
308555,134011,X
322101,164171,X
306357,123397,X
292931,125341,X
284378,223470,X
335003,151395,X
267212,158699,X
343851,193618,X
296627, 93375,X
334980,143900,X
335235,180161,X
360945,167952,X
257841,193878,X
275288,212315,X
331798,143962,X
333937, 51121,X
328775,156501,X
319829,168353,X
293201,192871,X
327608,177638,X
332562,174699,X
348815,150017,X
312227,159417,X
324337,162686,X
323329, 93955,X
291973,127483,X
258779,106777,X
325360,134919,X
267264,153034,X
312421,170617,X
293350,175997,X
275459,190178,X
244344,185382,X
252845,181181,X
357923,192120,X
382720,263255,X
326040,156509,X
165104,543395,X
139903,592241,X
132705,557674,X
114311,601605,X
102460,533057,X
185935,554627,X
123441,594415,X
 97216,564094,X
110948,539533,X
101553,517715,X
133023,574572,X
144570,573936,X
136531,557658,X
173576,507309,X
179189,536028,X
141238,557986,X
156430,615117,X
 69169,631490,X
 31842,565765,X
144620,575370,X
155899,561715,X
137451,555339,X
 68388,574380,X
166290,521714,X
210499,526471,X
148319,584541,X
135336,552552,X
136606,562296,X
136301,569544,X
119386,620549,X
139212,557713,X
 84501,604671,X
176602,574552,X
105945,528795,X
140989,537156,X
138449,555969,X
128669,574591,X
 95749,602775,X
139460,557260,X
130440,562623,X
147885,527813,X
 58190,608304,X
151701,574146,X
148385,538149,X
142668,544976,X
145251,553486,X
142265,546135,X
202913,525966,X
192564,547558,X
179240,577011,X
182840,584262,X
144242,557674,X
135849,550612,X
101427,615890,X
143265,548387,X
112379,547679,X
137347,622867,X
139146,569516,X
125756,579609,X
 77109,512651,X
138073,556272,X
202547,601240,X
 19835,570290,X
118137,579149,X
201324,574588,X
113259,568684,X
139052,610320,X
177246,571940,X
107972,601191,X
138199,541774,X
220156,589643,X
137787,566189,X
138122,557230,X
 93136,613387,X
154620,576738,X
131523,568207,X
136967,565662,X
142886,556511,X
125005,540340,X
138965,558201,X
139474,569485,X
171471,576787,X
157138,565993,X
198294,552987,X
136078,547418,X
140164,531093,X
156003,502860,X
 67867,545392,X
133780,533275,X
116142,550919,X
148510,579793,X
179224,584189,X
149906,546909,X
 29760,557873,X
115287,602637,X
206561,574789,X
108651,521409,X
115905,560139,X
127373,549518,X
141699,530028,X
141641,557376,X
111855,531542,X
136580,553967,X
137516,556818,X
179793,483378,X
105568,584102,X
125840,520239,X
117212,565692,X
140717,554093,X
139033,593287,X
172882,571145,X
104862,608089,X
158366,537970,X
138525,534268,X
 69565,599820,X
 94571,528963,X
153185,562792,X
147599,513563,X
223226,546198,X
143879,536650,X
151099,518008,X
109317,531425,X
127202,525948,X
137740,618961,X
138734,557713,X
109912,565003,X
158060,525533,X
260096,530550,X
134449,557556,X
121650,599844,X
188992,563992,X
207218,589497,X
179830,547383,X
152331,529689,X
112184,530469,X
166904,503121,X
183026,545377,X
152658,569277,X
172116,513383,X
 95899,530846,X
144325,538991,X
166597,572855,X
105193,596017,X
166840,562425,X
117089,561455,X
141718,549576,X
117959,536156,X
125351,529954,X
140706,547367,X
138012,558263,X
135284,555664,X
142663,556520,X
112673,516997,X
137657,611252,X
119237,591137,X
186380,487625,X
113099,546732,X
176278,550602,X
158773,588778,X
140962,518168,X
144856,551807,X
155943,576199,X
152584,564548,X
165356,570715,X
127858,609681,X
257984,555707,X
149758,564768,X
129550,560106,X
159271,568953,X
151374,538387,X
129030,588495,X
155430,549012,X
172756,612694,X
 93459,514032,X
 99569,523174,X
148080,544056,X
169322,577938,X
173847,514665,X
136418,562926,X
140047,540043,X
 74519,527539,X
146681,562995,X
110877,562558,X
 95071,503965,X
136232,576477,X
146120,576624,X
259173,548593,X
107965,535173,X
103153,601002,X
158283,570550,X
206219,604081,X
116492,509399,X
 97430,598804,X
193275,538687,X
116860,550810,X
179834,541387,X
143226,522375,X
111174,539350,X
 94933,588147,X
139434,557410,X
131532,536658,X
 38179,532155,X
113321,606322,X
123905,508486,X
201753,569116,X
206660,575002,X
138884,529162,X
139636,565984,X
110479,594587,X
 76253,529394,X
160280,493497,X
161475,587507,X
149054,556986,X
223408,520131,X
158596,562634,X
141991,539522,X
137172,523482,X
161154,538355,X
130157,581286,X
142000,554964,X
 86243,559135,X
130883,557824,X
127964,538935,X
122130,568886,X
210597,589836,X
139847,552015,X
147664,559632,X
167716,562762,X
130657,555545,X
165382,518876,X
221994,575146,X
 87236,607429,X
154268,542573,X
197367,535989,X
133094,557996,X
155274,552551,X
139911,561185,X
146924,565933,X
146183,622188,X
176092,531921,X
184402,546549,X
139641,557503,X
170816,547069,X
156474,570384,X
146678,558942,X
136569,532130,X
162124,500069,X
127503,623654,X
182854,534283,X
141222,572556,X
177665,557923,X
201907,516078,X
130249,579307,X
166560,559687,X
138220,560056,X
134725,537440,X
127940,590467,X
143592,606949,X
 64979,538104,X
 94061,576129,X
 79285,554817,X
103192,550021,X
198823,538624,X
145758,562414,X
211584,591058,X
139451,549580,X
220224,592068,X
150404,539885,X
142767,538646,X
143912,595772,X
184412,537050,X
 55359,623076,X
137197,556522,X
138461,558771,X
 80673,566893,X
203667,577260,X
 94249,600812,X
145244,561042,X
 94458,533883,X
130201,562734,X
 98675,580608,X
134422,544300,X
141771,551655,X
141924,558399,X
137316,562151,X
143363,551365,X
197849,575524,X
134261,519275,X
129997,568115,X
170494,560892,X
164453,544085,X
128788,546091,X
 88703,577217,X
131109,568012,X
 95074,570002,X
232047,522748,X
125548,552424,X
142563,560090,X
118391,553625,X
132497,593125,X
162713,586568,X
122296,566921,X
 56907,586609,X
 48143,523870,X
104489,542515,X
130582,565948,X
180633,570302,X
241485,523039,X
178005,594957,X
211266,534538,X
137680,555667,X
144401,565666,X
101722,535117,X
115781,594942,X
107160,530936,X
139978,587153,X
179931,536588,X
105353,589239,X
119496,543146,X
142575,517378,X
 76661,531044,X
137699,556769,X
154964,554923,X
142516,559062,X
 98525,579761,X
163925,576666,X
153326,558408,X
262846,559590,X
102898,592834,X
138349,554238,X
193502,557364,X
202175,495076,X
154162,536416,X
 77875,516899,X
163477,561507,X
131874,552586,X
120357,560737,X
119535,551857,X
114108,540537,X
136059,558213,X
121786,564225,X
233105,591646,X
149760,577278,X
139237,548782,X
 34795,606311,X
147663,555514,X
108512,525986,X
509279,180548,X
495165,163113,X
474652,193224,X
507786,199578,X
566666,195255,X
506012,178372,X
541435,206637,X
507311,177795,X
461701,188438,X
506069,169723,X
477155,161019,X
505044,180646,X
467697,168082,X
511868,170991,X
500225,177559,X
460616,174810,X
573755,218049,X
543616,144788,X
509804,175714,X
542311,161882,X
475944,189337,X
517750,199025,X
520952,169184,X
559076,190770,X
416763, 96639,X
549384,208450,X
549147,171454,X
520880,200955,X
484348,202813,X
487472,166999,X
504728,174541,X
465734,114090,X
570266,188032,X
505584,176135,X
514739,189624,X
500589,181466,X
504096,192493,X
553118,165472,X
502511,205121,X
551798,221411,X
502737,174437,X
513181,177419,X
513010,141058,X
535564,177248,X
514551,176526,X
450030,169537,X
521152,152439,X
505512,203857,X
509928,184873,X
490271,216725,X
529931,180136,X
508228,220433,X
534461,178056,X
508551,174306,X
545365,210090,X
510414,142485,X
507895,177445,X
506288,177990,X
512560,224816,X
454160,102568,X
437116,148591,X
519003,160741,X
509173,178051,X
507674,147431,X
513562,229098,X
473361,185066,X
517580,170329,X
509285,174620,X
510496,174308,X
438860,114065,X
534702,244239,X
504755,150226,X
474135,199330,X
508907,173787,X
509651,149290,X
490956,124550,X
499637,194036,X
515856,148316,X
482568,159010,X
522728,184704,X
493070,189771,X
483807,198925,X
469656,153741,X
470041,102049,X
576965,187481,X
515230,149567,X
469470,189347,X
484678,123623,X
509554,186931,X
480787,147737,X
523036,123677,X
508144,167733,X
515450,173220,X
489378,172861,X
497406,125809,X
514173,139330,X
520809,176718,X
499009,205823,X
509773,148899,X
505117,141877,X
494698,176711,X
501334,163002,X
502500,176532,X
546565,151576,X
520878,209094,X
486891,175164,X
512241,169240,X
569692,182365,X
491382,122267,X
457033,127590,X
535453,200970,X
436641, 55171,X
520845,176291,X
496130,178113,X
507473,227670,X
507092,175151,X
493714,173387,X
528826,154067,X
509951,176794,X
505400,160422,X
473316,162622,X
489504,146224,X
516888,152451,X
505128,175022,X
520819,181586,X
506812,167031,X
495032,203929,X
508789,174256,X
502302,210265,X
511106,122518,X
486997,164803,X
535787,199735,X
540364,163758,X
496006,191010,X
497454,172375,X
488330,173837,X
547076,156969,X
509956,141698,X
516084,178725,X
535034,172649,X
529858,213114,X
496384,166644,X
519201,139101,X
575022,213534,X
469404,181944,X
464672,193513,X
491609,180519,X
470314,178936,X
481067,172555,X
508797,176269,X
491145,206344,X
485361,169229,X
474527,107596,X
499643,171625,X
514722,190943,X
474641, 81263,X
495995,160032,X
516963,174184,X
521006,163218,X
434581,123267,X
514876,182995,X
501416,172980,X
513991,165072,X
512900,219252,X
510739,121103,X
509522,174376,X
507862,172954,X
512716,181316,X
483423,111797,X
505603,147517,X
482628,171320,X
541790,172616,X
473649,178184,X
520763,250478,X
494000,189403,X
533931,173291,X
485110,150541,X
528679,199079,X
545699,174099,X
517495,186329,X
520461,173217,X
456821,105575,X
495388,156422,X
514934,219169,X
508989,168995,X
500474,169746,X
504511,149234,X
467144,147308,X
512733,174091,X
452791,156805,X
488800,197919,X
593887,210595,X
561725,168220,X
528011,201615,X
514428,222503,X
512051,145220,X
472054,129986,X
507959,166780,X
518068,137556,X
561110,219865,X
563315,215613,X
523779,163905,X
490037,164357,X
519421,154681,X
504373,165819,X
513957,139202,X
486422,178919,X
533351,147778,X
511030,221292,X
496069,102201,X
496491,171534,X
497254,171940,X
518892,165875,X
481083,151953,X
507741,178883,X
486224,196184,X
509039,173839,X
462658, 75167,X
519680,208378,X
499676,196897,X
480876,160465,X
521032,177084,X
486034,196122,X
505225,158750,X
485968,123023,X
478442,125560,X
502355,164119,X
502915,183059,X
497211,174121,X
537174,194410,X
505293,194591,X
491442,116195,X
473202,140745,X
505079,219082,X
541455,223176,X
528938,174372,X
528094,178343,X
520759,184923,X
538994,179328,X
507832,181513,X
493897,189627,X
514408,173338,X
514391,156592,X
513362,223841,X
443618,157237,X
477746,163845,X
480571,204150,X
486326,174643,X
505384,174535,X
541220,177840,X
522869,176818,X
497255,188783,X
545240,221008,X
512291,169608,X
576158,210283,X
508099,175066,X
545455,182232,X
537836,177165,X
508597,173640,X
507445,193647,X
524397,239456,X
527753,213985,X
528766,239937,X
481356,162127,X
541498,192746,X
506142,170513,X
494574,198972,X
477901,173288,X
509223,177592,X
532010,176195,X
541006,175198,X
490355,153464,X
566524,179796,X
550216,184337,X
516085,195504,X
523796,219588,X
511118,175212,X
445043,152257,X
497582,190801,X
514622,206979,X
479631,178459,X
496476,140337,X
498389,178069,X
506361,225237,X
519396,177174,X
529409,157228,X
501111,157402,X
514219,167014,X
558307,203307,X
545957,196749,X
508080,175697,X
589900,217899,X
509383,167302,X
474516,189144,X
498730,183037,X
473093,188791,X
471328,176297,X
510901,175806,X
559809,162597,X
499272,168413,X
514981,172608,X
511289,183247,X
455460,153040,X
519962,175210,X
532549,172894,X
516128,178722,X
519113,194925,X
502877,192740,X
520782,134308,X
574369,207483,X
515494,188459,X
486870,146947,X
484395,107291,X
504243,237336,X
483776,213021,X
536623,213083,X
544539,180391,X
502002,166223,X
500801,185558,X
525670,184762,X
481841,209337,X
494317,170837,X
521153,242968,X
473933,191767,X
524502,248106,X
487952,168607,X
460133,173081,X
453261,148432,X
491792,214464,X
497815,165151,X
515348,184750,X
598908,254032,X
558478,213316,X
538228,168834,X
464634,173867,X
518675,175686,X
533566,214619,X
540196,180312,X
500360,213540,X
517882,175467,X
549642,157506,X
511368,173673,X
506815,173387,X
500192,192292,X
533775,163036,X
511484,160453,X
489062,200329,X
537514,179689,X
551867,170425,X
406184,394506,X
417996,408162,X
428667,451233,X
425386,379634,X
388202,405780,X
370955,325071,X
353749,391896,X
398629,401626,X
393402,401018,X
465599,383470,X
400257,404936,X
444610,400247,X
392046,391220,X
410506,395586,X
508805,429073,X
424782,449687,X
384467,407359,X
397399,403186,X
449683,388863,X
387756,435588,X
451753,383440,X
414448,429790,X
394599,409068,X
387330,409037,X
402109,430185,X
393825,453067,X
412111,418466,X
397213,377839,X
361159,436327,X
383075,447616,X
383832,340506,X
402227,414685,X
411957,397796,X
377408,395123,X
417231,381303,X
442915,420573,X
415394,396940,X
420792,430901,X
397791,444527,X
385804,393101,X
384572,388523,X
402069,434868,X
414997,432597,X
392919,405103,X
396150,430329,X
439145,407748,X
401240,354085,X
424228,442208,X
336023,416862,X
351352,362910,X
413549,408517,X
341775,425156,X
424811,413300,X
402677,412615,X
419118,421655,X
354601,358760,X
410682,349328,X
399020,404042,X
392258,405478,X
353941,399967,X
411471,446824,X
397158,370362,X
431117,394746,X
395246,392783,X
400468,405703,X
354094,424230,X
352429,359750,X
358830,431609,X
387039,365758,X
395013,387179,X
400545,404212,X
435067,403802,X
394436,450912,X
376444,371957,X
433463,410297,X
426625,475977,X
424241,452915,X
396520,405610,X
347638,429109,X
374797,407601,X
451670,388347,X
373684,418326,X
412615,403902,X
392428,402295,X
389868,410718,X
383022,409854,X
468350,395883,X
373339,398565,X
383878,376230,X
434815,388041,X
368864,411216,X
321050,422497,X
276794,384458,X
383197,409869,X
381340,409680,X
415521,368125,X
404288,349685,X
367922,415238,X
422056,382193,X
407334,445969,X
373917,427628,X
422261,374345,X
392728,411341,X
336585,420977,X
401730,354294,X
401854,402867,X
401330,395538,X
393903,387227,X
399188,402459,X
389510,370897,X
399858,403574,X
343651,438750,X
388743,388465,X
398246,406245,X
400727,396769,X
399077,403968,X
402071,427626,X
405902,394724,X
383992,398245,X
372230,412488,X
418086,394699,X
400305,466024,X
380458,329635,X
338347,337961,X
411171,426853,X
392447,408539,X
375233,399429,X
385338,440797,X
397764,406712,X
414290,393146,X
394846,407130,X
402252,414628,X
332913,385678,X
396517,394572,X
388479,343648,X
405569,411933,X
444816,409502,X
393659,439272,X
415222,434798,X
396621,381952,X
416893,347737,X
398980,407667,X
404273,429948,X
397851,400846,X
447192,359893,X
350428,392503,X
451853,420873,X
402566,415798,X
362753,369848,X
407188,396576,X
380139,434251,X
409167,449719,X
405470,392374,X
359036,365793,X
398617,402424,X
408714,391412,X
382222,441817,X
403751,385539,X
400548,402390,X
393828,404314,X
373943,376926,X
390182,360941,X
391776,409868,X
342501,336320,X
401923,417123,X
342400,426090,X
405325,407466,X
369480,377148,X
416110,374296,X
401162,412142,X
442931,430123,X
478361,409520,X
401313,405195,X
357466,354094,X
417617,414816,X
417281,410881,X
470047,410943,X
378824,430343,X
369227,397853,X
397918,462032,X
397331,407010,X
427810,400178,X
401708,409924,X
426172,363147,X
401411,414503,X
409823,412908,X
386068,422517,X
398255,405428,X
346358,384801,X
397735,448097,X
348847,425164,X
394761,461494,X
357253,388075,X
402267,410395,X
415233,441297,X
404445,402466,X
408224,399767,X
369044,371649,X
343119,382074,X
416750,435776,X
387103,401925,X
368200,364844,X
393758,439738,X
418623,404382,X
402660,406054,X
427749,457110,X
405356,391545,X
432184,395118,X
322936,368566,X
402710,424367,X
456025,389630,X
395450,407822,X
377941,403683,X
407576,434017,X
348263,386451,X
391966,387214,X
392576,406460,X
380236,460907,X
398153,407081,X
399942,385908,X
398795,472619,X
467535,416014,X
377758,413906,X
398724,404179,X
396710,378698,X
377588,402670,X
408992,462226,X
423371,373970,X
412861,434751,X
403160,392159,X
395168,404189,X
399346,423786,X
409244,460295,X
429515,393708,X
370602,353215,X
356739,417826,X
408147,436628,X
436362,379677,X
399291,386712,X
396081,396707,X
419200,403389,X
383855,390984,X
370252,347498,X
460198,402706,X
418046,358461,X
408500,393942,X
397618,404912,X
392660,395873,X
406739,400918,X
439048,403700,X
392424,375266,X
379128,418858,X
391970,419802,X
389279,424006,X
468907,448885,X
410601,410653,X
396556,406492,X
417795,405673,X
375971,427549,X
414374,439977,X
368363,409733,X
402081,407514,X
399753,404222,X
424840,479570,X
381863,416651,X
394606,401451,X
389520,406500,X
418140,415328,X
387461,394402,X
391384,413273,X
391439,399819,X
365223,422531,X
407189,437102,X
415933,422485,X
402031,426039,X
428513,456990,X
382396,405483,X
368166,429422,X
418636,440000,X
411674,402377,X
424365,371987,X
394159,411676,X
371548,414612,X
460628,434107,X
399717,403257,X
361875,448199,X
393424,399084,X
333682,401078,X
377870,377550,X
405117,364266,X
452398,378671,X
397889,398501,X
424089,352640,X
417494,392231,X
402851,395579,X
376493,366302,X
460684,371809,X
449571,387141,X
405322,414743,X
420489,448078,X
377975,461076,X
492551,434649,X
477323,384551,X
359740,379592,X
429653,438596,X
361814,411086,X
400660,404811,X
410418,409414,X
392162,355397,X
376145,414107,X
371464,328177,X
379593,380662,X
448231,384406,X
404157,406324,X
420616,401526,X
398985,413427,X
400538,407020,X
391530,398743,X
408182,408351,X
435926,408504,X
411090,435389,X
398311,383357,X
409291,431539,X
399460,399410,X
400473,408327,X
399693,395271,X
431437,436764,X
312123,419763,X
411053,432808,X
401616,404245,X
364455,436191,X
407833,402474,X
367864,442851,X
437870,375761,X
308726,371721,X
418996,389541,X
371498,393120,X
407429,399155,X
380749,403860,X
399997,411205,X
377215,418429,X
380202,396671,X
436034,385951,X
395210,357805,X
415136,446807,X
315013,318367,X
372424,413163,X
340966,420480,X
354767,417464,X
387165,404027,X
854654,549222,X
889260,541423,X
870826,524625,X
868025,569296,X
861364,598127,X
825141,535997,X
906640,587296,X
906396,535803,X
887896,558572,X
817776,525600,X
844066,546029,X
848976,558706,X
897131,604582,X
845120,549830,X
872241,556733,X
857818,534525,X
794265,594573,X
857126,548151,X
842786,614034,X
889975,589361,X
841130,529745,X
813561,583156,X
855603,542414,X
887556,531797,X
837032,509264,X
852037,649724,X
793791,581315,X
904450,533427,X
879722,550246,X
839088,528460,X
869369,536868,X
871873,509094,X
900991,497149,X
919544,541255,X
860520,544023,X
863042,557890,X
889805,522039,X
879031,489881,X
852918,552112,X
903840,586229,X
932662,537069,X
908506,549611,X
867533,542290,X
844617,499013,X
862002,534006,X
883981,607581,X
864265,549505,X
883062,547498,X
860870,546516,X
895565,501871,X
843344,604964,X
864059,545894,X
830888,544022,X
858819,544904,X
853562,531620,X
873791,606643,X
859213,538040,X
841843,503359,X
842719,506205,X
847904,574114,X
863859,546898,X
888919,535805,X
855045,547633,X
863102,545783,X
829747,530312,X
850607,565348,X
810277,520837,X
879104,595389,X
840406,538772,X
838367,536676,X
837457,518745,X
861519,531277,X
816056,542574,X
862534,547936,X
808555,600511,X
862571,550965,X
832010,554080,X
882403,534710,X
840020,568424,X
865030,541150,X
846594,522941,X
890223,556874,X
873136,513309,X
846622,553552,X
905770,531812,X
803216,577565,X
914183,620056,X
877510,555087,X
861193,573954,X
840994,578455,X
875640,561262,X
876782,536438,X
849501,552769,X
866973,550375,X
906382,534459,X
822722,553764,X
861656,545794,X
856991,546255,X
865081,551012,X
895680,609341,X
867801,548156,X
846324,557586,X
840059,534876,X
860473,545982,X
937823,540173,X
886532,500026,X
904133,534915,X
880545,506175,X
833499,504718,X
854979,539793,X
818739,545052,X
825596,639465,X
838036,542999,X
846216,528037,X
850790,525740,X
864040,538985,X
869818,543227,X
879309,561548,X
860563,534839,X
846082,541026,X
860151,543055,X
847292,559228,X
838239,576018,X
837307,548214,X
853093,586321,X
884326,479802,X
838978,622330,X
842903,567914,X
832490,450680,X
844948,563321,X
859577,544625,X
908409,591215,X
819843,570485,X
875625,599766,X
887780,536497,X
884613,507507,X
849858,524682,X
846741,539481,X
870630,516603,X
843111,581603,X
869718,536928,X
857648,511640,X
881571,532467,X
860230,528054,X
861966,562885,X
898736,548642,X
961951,577029,X
866878,501919,X
874791,559085,X
874239,594786,X
915504,527751,X
758172,608152,X
859515,505303,X
861033,507671,X
837880,444574,X
827672,545966,X
869960,562146,X
858151,548242,X
877440,529137,X
821835,564313,X
846371,578530,X
829482,475863,X
860507,526669,X
878696,530134,X
837312,572687,X
886773,509047,X
879805,547494,X
859679,541785,X
910683,612854,X
860863,546060,X
874110,541972,X
790149,565157,X
873984,580836,X
873742,448214,X
894785,440382,X
874312,574582,X
879902,518647,X
851462,526597,X
839012,550376,X
808097,502521,X
879500,590791,X
864721,548447,X
866044,584750,X
876151,582116,X
819250,517655,X
807278,566392,X
872033,558924,X
894268,532597,X
846752,613846,X
850478,566230,X
849777,531138,X
823584,568458,X
823202,619103,X
843715,568319,X
861023,545953,X
889743,560547,X
862785,579661,X
880833,537039,X
854374,550707,X
842616,515205,X
860721,547751,X
831024,505776,X
829240,591428,X
860384,555572,X
853348,525893,X
849118,571562,X
856167,542249,X
853874,560250,X
838808,524944,X
814561,575281,X
773292,531652,X
891515,520429,X
805884,549492,X
833437,556713,X
843432,490725,X
791355,529644,X
865157,562132,X
920249,551171,X
808777,512952,X
898916,630099,X
863706,491401,X
857231,551055,X
877413,541536,X
838821,563842,X
854037,528890,X
824475,518063,X
857360,562228,X
856437,532452,X
862117,600081,X
839280,539324,X
885379,603686,X
859185,553000,X
865020,550686,X
882007,593653,X
861027,546004,X
846772,509036,X
844627,556401,X
861069,548327,X
854342,541611,X
844086,531300,X
923996,594948,X
832154,559403,X
803202,549001,X
856619,544008,X
897286,558004,X
851216,516166,X
858537,548576,X
828001,524067,X
849327,548496,X
858278,544519,X
793875,473793,X
766617,548142,X
847728,576707,X
858418,546935,X
816840,539239,X
852687,540692,X
861927,562723,X
892382,513991,X
811745,461099,X
800152,576217,X
870139,566584,X
859492,572224,X
830226,483466,X
850674,533083,X
834632,541216,X
899052,526048,X
925485,596955,X
893145,551400,X
839493,521150,X
883434,581923,X
873380,495161,X
765011,607246,X
898578,612291,X
906772,510158,X
858325,586062,X
795909,462864,X
812634,554848,X
846841,533595,X
810817,509540,X
826192,577784,X
856552,545271,X
848628,503773,X
784291,581417,X
890613,567037,X
870936,575427,X
851166,532382,X
871544,592403,X
870337,534303,X
819580,545900,X
912649,498734,X
870214,556246,X
853279,560714,X
857319,543529,X
878519,606677,X
858057,542933,X
860375,544804,X
888111,525539,X
892877,544283,X
788776,582930,X
875311,542259,X
875248,462524,X
835831,555864,X
885828,586348,X
916704,609548,X
893991,544467,X
866352,535933,X
872247,494281,X
832372,600070,X
902302,514170,X
877298,565604,X
873636,510687,X
854818,554389,X
915666,506439,X
905849,524809,X
862062,545736,X
871981,649086,X
900829,590250,X
859419,546754,X
855983,534803,X
916082,517633,X
874877,535143,X
885963,528959,X
853439,518568,X
855177,626376,X
814249,488483,X
857283,548467,X
865489,548920,X
913686,576892,X
880275,564545,X
861381,546835,X
880958,588608,X
868979,528502,X
872237,555834,X
861868,549168,X
836951,546244,X
836874,555991,X
769546,554722,X
855074,542557,X
868128,568529,X
878859,540155,X
852267,498220,X
874125,543036,X
846646,548548,X
851517,541076,X
806888,492319,X
831779,577161,X
860259,545444,X
892423,530999,X
838442,506780,X
853291,557685,X
730887,825972,X
645233,927201,X
645563,819480,X
573324,878802,X
693699,822637,X
649412,856993,X
684558,878573,X
656658,854609,X
651506,856097,X
618405,842859,X
667280,765619,X
600996,890782,X
674463,862486,X
676694,851597,X
620685,880813,X
716590,874975,X
721401,951880,X
657094,857640,X
644693,867371,X
633601,861482,X
673646,857346,X
657184,855509,X
708244,871834,X
659081,860560,X
657811,885904,X
642843,909185,X
709303,897538,X
610505,851476,X
612648,772280,X
673196,812941,X
673267,883727,X
694451,863981,X
678869,902492,X
690018,819280,X
677983,890077,X
639997,865965,X
709254,847444,X
679799,858680,X
664355,831472,X
659166,861665,X
692386,863386,X
688076,833905,X
680506,840053,X
641840,886745,X
673292,857105,X
622212,860015,X
736557,897961,X
668234,886696,X
675013,876331,X
675902,853961,X
695092,820091,X
730287,897070,X
691716,873426,X
722404,952207,X
678606,878004,X
664156,846474,X
688118,911574,X
674492,861230,X
675382,836312,X
664639,925795,X
626334,852383,X
669690,842110,X
653177,819935,X
674265,861435,X
677404,883871,X
672212,860894,X
715956,900724,X
674236,877152,X
679818,860064,X
578509,923881,X
680381,823757,X
720629,816515,X
640210,902029,X
671772,860357,X
618009,867493,X
672628,882986,X
680261,863401,X
682100,853708,X
681049,846975,X
668567,856554,X
656957,871011,X
662293,872590,X
673953,835926,X
718544,888401,X
648590,917839,X
699124,824089,X
668367,855686,X
675866,868784,X
700098,894685,X
683156,877209,X
661357,801817,X
789095,895634,X
673332,857517,X
627452,835854,X
672059,860501,X
665048,854911,X
683580,872374,X
668839,882598,X
682510,905902,X
671235,856653,X
680228,843225,X
662249,918050,X
674961,865594,X
679211,886670,X
676220,858214,X
567861,856582,X
668228,858122,X
682241,850176,X
712262,856869,X
671325,856592,X
680592,858526,X
683098,847245,X
646816,829778,X
675633,863416,X
677551,860007,X
683656,842406,X
678195,860537,X
700747,821557,X
679054,898217,X
676360,866112,X
665308,868551,X
665775,845662,X
660459,860658,X
670119,859029,X
672068,874862,X
644301,925034,X
704574,866263,X
665660,828338,X
680579,836946,X
682053,853410,X
672544,859978,X
713088,880834,X
680969,838864,X
674151,853540,X
664903,839150,X
641902,755287,X
683610,910782,X
676962,897430,X
594720,848457,X
658748,777680,X
700341,869730,X
640432,837036,X
668519,860048,X
672668,861428,X
638004,837697,X
673071,856021,X
668772,858570,X
636871,929410,X
599612,859210,X
739318,810528,X
654937,781879,X
663095,949045,X
658734,883214,X
647968,877873,X
682699,851115,X
684739,884934,X
667620,855461,X
616281,845406,X
697161,840318,X
679237,862389,X
664260,859029,X
674121,858589,X
700962,927047,X
723397,859761,X
648230,857418,X
677896,867053,X
680828,839011,X
680757,826912,X
673826,880137,X
694897,834591,X
683585,905984,X
671609,815681,X
669748,863109,X
674659,860894,X
659734,844127,X
656156,868643,X
653258,860766,X
684131,898331,X
666516,859837,X
655237,871554,X
653592,959882,X
659280,845579,X
646422,900526,X
627580,840406,X
604546,847329,X
631316,837043,X
705518,925936,X
662898,884734,X
718088,852181,X
666315,872311,X
710082,881600,X
674433,860605,X
685821,816579,X
678856,850293,X
669427,846395,X
687043,806921,X
657981,866945,X
676480,860779,X
704065,832648,X
669178,866011,X
693783,860206,X
683027,876064,X
670957,810768,X
674134,908464,X
637665,858741,X
664325,877878,X
664025,801796,X
672800,874378,X
685124,873363,X
674496,870664,X
684602,823981,X
677769,841641,X
651576,865180,X
650720,817440,X
674472,860330,X
673028,860593,X
683413,861559,X
669638,842011,X
674365,860819,X
687360,862438,X
662684,813662,X
673242,886958,X
674311,859933,X
595580,798572,X
636769,854047,X
685551,798742,X
663945,828490,X
717187,883275,X
706906,885612,X
675988,841317,X
671976,864630,X
669366,869654,X
651216,815098,X
676767,832479,X
657879,857942,X
665828,868934,X
674905,876286,X
640000,863831,X
672818,881943,X
634800,823669,X
658590,886551,X
639463,847461,X
625416,868848,X
672266,862875,X
723173,872525,X
688098,908495,X
673410,863889,X
679788,889464,X
615826,863168,X
598671,854219,X
753254,840123,X
669430,905798,X
726847,875488,X
648443,845340,X
674114,970756,X
675551,956849,X
677459,896720,X
634004,895206,X
653745,809028,X
682420,846881,X
666636,858686,X
682481,879399,X
656834,885944,X
718257,857481,X
672598,856928,X
693997,774817,X
612392,916853,X
671444,860206,X
671404,857240,X
689628,868984,X
704570,845515,X
652233,886054,X
705929,851313,X
682315,843851,X
667131,849230,X
707894,904500,X
649345,864613,X
629998,877765,X
659542,840985,X
621278,888326,X
682304,876841,X
679747,860939,X
663049,843538,X
672876,844123,X
689948,850548,X
696257,894819,X
629377,853726,X
658034,897179,X
696808,866039,X
699668,863774,X
669697,859388,X
606506,766728,X
672474,868765,X
697011,856357,X
708262,945359,X
653181,886417,X
674521,861127,X
729194,856897,X
663168,859429,X
644843,838626,X
672797,843231,X
680677,868629,X
614497,830844,X
646671,857872,X
679242,853941,X
665697,929571,X
749941,916922,X
602365,916673,X
684537,843821,X
694308,904062,X
731712,878998,X
667713,847241,X
730383,879136,X
689363,817577,X
728743,850843,X
683941,915579,X
722463,882675,X
670519,870010,X
683252,858182,X
669288,860515,X
675357,870850,X
673449,860643,X
687325,883004,X
603472,894573,X
669713,851017,X
693362,837786,X
605535,925341,X
687078,791051,X
672387,800443,X
683048,937776,X
713579,879202,X
571669,873544,X
695260,824882,X
702654,841548,X
601619,825604,X
564416,878492,X
703773,870419,X
674931,870112,X
673140,864863,X
681053,892766,X
683321,873932,X
701017,931252,X
645677,814395,X
677362,853471,X
659046,930099,X
665426,853940,X
691827,863963,X
650661,861267,X
599647,858702,X
684091,842566,X
